callexamples,add,104                 
callexamples,dependingIf,53                  
callexamples,minimalReturn,32                  
callexamples,bugFailedIteration,415                 
callexamples,doubleCall,180                 
callexamples,singleCall,89                  
callexamples,bugMultipleCalls,95                  
callexamples,extLibCall,5844                
callexamples,valueReturn,87                  
callexamples,callFromLoop,infinite
callexamples,limitedCallString,367                 
callexamples,computedCall
callexamples,loadAdd,127                 
diverse,ctxsensloop,infinite
diverse,parameterpassing,292                 
diverse,stackarray,infinite
diverse,datastructure_cacheana,28369               
diverse,persistence
diverse,straightline,200                 
diverse,floatingpointminimal,94                  
diverse,predication
diverse,virtualFunctionCall
diverse,loadStoreTests
diverse,simpleSwitch,224                 
diverse,writeback
dtrees,naivenative,infinite
dtrees,standardif,infinite
dtrees,standardnative,infinite
dtrees,naivenativerf,infinite
dtrees,standardifrf
dtrees,standardnativerf
loopexamples,dowhile,94                  
loopexamples,irreducible,infinite
loopexamples,nested2,infinite
loopexamples,dowhile2,infinite
loopexamples,loopsinmultiplefunction,infinite
loopexamples,simplewhile,52                  
loopexamples,goto
loopexamples,nested
loopexamples,twoloopssamestart

